PNUM,PARTICIPANTID,IPADDRESS,VAR00001,START,END,ORG,RANK,MOS,YRCOMMISSION,PLYESNO,PLMONTHS,NUMNCOSSUPERVISE,PROMOTEYESNO,BBAP1,BBAP2,BBAP3,BBAP4,BBAP5,BBAP6,BBAP7,BBAP8,SBAP1,SBAP2,SBAP3,SBAP4,SBAP5,SBAP6,SBAP7,SBAP8,SBAP9,SBAP10,SBAP11,SBAP12,SBAP13,SBAP14,SBAP15,SBAP16,SBAP17,SBAP18,SBAP19,SBAP20,SBAP21,SBAP22,SBAP23,SBAP24,C1,C2,C3,C4,C5,C6,C7,C8,C9,C10,SENIORITY,INVOLVEMENT,INVOLEMENTTEXT,MOSTCOMPETENT,OE1,OE2,APSCORE,COMPSCORE,SvC,SCvO,SvO,CvSC,CREATEAPOSITIVEENVIRONMENT,GETRESULTS,PREPARESELFTOLEAD,DEVELOPLEADERS,LEADBYEXAMPLE,COMMUNICATE,HANDLINGEMERGENCIES,INTERPERSONALADAPTABILITY,UNPREDICTABLEWORKSIT,PHYSICALLYORIENTED,LEARNINGNEWTECH,HANDLINGWORKSTRESS,CULTURALADAPTABILITY,SOLVINGPROBLEMSCREATIVELY,YRSSERVICE,RANKCODE,SAMPLENUMBER,SAMPLECODE,COMPSCOREMD,SENIORITYCODE,SENIORITYCODETTEST,APSCORETTEST,APSCOREH3,COMPSCOREH3,SENIORITYCODEH3,INTH3,CSCOREMDH4,INVOLVEMENTCODE,COMPxINVOLVE,COMPxRANK,BBCOMP,SBCOMP,NEWSENIORITY,NEWINTERACTION,H3SENIORITY,H3NEWINTERACTION,Z_AP,Z_COMP,ZCREATEAPOSITIVEENVIRONMENT,ZGETRESULTS,ZPREPARESELFTOLEAD,ZDEVELOPLEADERS,ZLEADBYEXAMPLE,ZCOMMUNICATE,CompetenceXSeniorityCodeTest
1,R_21hpb9NeIYWYAEy,68.6.157.173,1,11/30/2015 12:58:15,11/30/2015 13:15:34,1,2,11A,2007,1,26,16,1,5,6,6,5,6,5,6,4,6,6,5,7,7,6,6,6,4,2,3,4,5,4,5,6,3,5, ,7,4,5,3,5,6,5,3,6,4,6,7,7,6,6,2,1, ,2,"The senior NCO would be pretty upset and embarassed about getting passed over for promotion. Other than that, promotions should be based on talent not service time in a position.","Might not promote the best NCO, and the unit might suffer because of it. What happens if the senior squad leader is on profile because of a recent injury? Are you going to promote him still?",5.06,5.6,1,-1,1,-1,6.333333333,4.5,5.5,5,6,6,5.5,6.5,5.5,3.5,5,4.75,5.666666667,4.25,9,1, ,-1,-.014,.5,.5,5.06,5.06,5.6,.5,2.8,.054137931,.5,-.007,-.014,5.375,5.06,.5,-.007,-1,.014,-.16243798724309,-.0208942749686589,.77363939016019,-1.4173427191873,.378641800556328,-.511108176246289,-.0620444905704673,.67873688619653,2.8
2,R_7ZHQdh7wYieKUm1,171.66.214.130,1,12/1/2015 10:00:00,12/1/2015 10:10:10,1,2,11A,2007,1,30,60,1,6,7,7,7,6,5,6,6,7,6,7,7,5,5,6,2,6,6,7,7,6,7,6,7,6,7,7,6,6,6,7,7,7,5,6,7,7,7,6,7,5,7,2,2, ,2,"In my experience, they excel at getting the job done. Some other secondary tasks, such as mentorship and training of others tends to fall to the wayside as they focus on getting their job done.","Seniority based positional promotions do not always put the right guy in the job, fostering an environmen of frustration that the wrong got was positional promoted.",6.21875,6.4,1,-1,1,-1,7,6.5,6.5,5,7,5,6.5,6,5.25,6.75,6.25,6.25,6.25,6.5,9,1, ,-1,.786,.5,.5,6.21875,6.21875,6.4,.5,3.2,.854137931,-.5,-.393,.786,6.25,6.20833333333333,.5,.393,-1,-.786,1.48001417434444,1.17306429466898,1.6778932237838,.640090260278131,1.47792444733277,-.511108176246289,.868622867986533,-.193924824627579,3.2
3,R_1Yeh3PGe7Zztefz,198.98.83.235,1,12/1/2015 12:35:32,12/1/2015 12:59:48,1,2,11A,2011,1,12,13,1,7,6,6,7,7,6,5,6,6,5,4,5,6,5,6,5,5,5,6,7,6, ,7,6,6,5,5,6,4,3,4,7,6,7,6,5,5,7,6,6,5,6,2,2, ,2, , ,5.61,5.9,1,-1,1,-1,5.666666667,6,5.5,7,7,5,5.5,5.5,5.5,6.25,6.666666667,5.75,5,5,5,1, ,-1,.286,.5,.5,5.61,5.61,5.9,.5,2.95,.354137931,-.5,-.143,.286,6.25,5.61,.5,.143,-1,-.286,.61715095676825,.426840188645455,-.130614442107041,.125732015411775,.378641800556328,1.44443615026125,.868622867986533,-.193924824627579,2.95
4,R_bOsJL14EklsLJNH,143.71.249.85,1,12/1/2015 13:11:22,12/1/2015 13:49:32,1,1,19A,2012,1,24,6,1,4,5,2,7,3,5,5,2,4,3,2,4,2,3,4,5,2,3,5,6,3,2,3,3,4,5,5,5,6,3,5,3,4,3,2,3,6,4,5,4,3,5,1,2, ,2,Competence can be difficult to measure and record using objective metrics.  There are also likely deep-rooted norms within the Army against using competence as a basis for positional promotions.,"Seniority, far too often, is not an indicator of competence, resilience, or other qualities which should matter for advancement despite the chances that time could expose NCOs to greater developmental opportunities.",3.84375,3.9,-1,-1,-2,0,3.666666667,3.5,5.5,3,4,3,3.25,3.5,3.25,5.25,2.75,4.25,5.25,3.25,4,-1, ,-1,-1.714,-.5,-.5,3.84375,3.84375,3.9,-.5,-1.95,-1.645862069,-.5,.857,1.714,4.125,3.75,-.5,.857,1,-1.714,-1.88639262934089,-2.55805623544863,-2.8433759416215,-2.44605920892001,.378641800556328,-2.46665250275383,-1.92337920768447,-1.9392482462758,-1.95
5,R_bfScADGuAdGHwpr,24.96.50.60,1,12/1/2015 19:05:04,12/1/2015 19:31:51,1,2,11A,2010,1,17,6,1,5,6,3,5,4,6,2,7,2,3,3,4,5,3,4,6,2,3,3,4,6,3,4,6,3,4,6,5,3,2,3,3,6,4,3,3,5,4,7,7,5,4,1,2, ,2,In-fighting and animosity towards the junior NCO being promoted before the senior.  Especially if the junior NCO is in the direct chain of command.,"Looking at time limits the scope of why they person is being promoted.  There might also be a negative reason why a person has not been promoted, therefore will have more time in a specific grade because they are unable to be promoted.",4,4.8,-1,-1,-2,0,5.333333333,3.5,6,4,4,5,3.25,4.5,3.75,3.75,4.25,4.75,4,3.75,6,1, ,-1,-.814,-.5,-.5,4,4,4.8,-.5,-2.4,-.745862069,-.5,.407,-.814,4.75,3.75,-.5,.407,1,-.814,-1.66491849751949,-1.21485284460629,-.582741359597038,-2.44605920892001,.928283123944548,-1.48888033950006,-1.92337920768447,-.193924824627579,-2.4
6,R_2eUxR6GvMrWOawm,146.244.220.116,1,12/2/2015 7:39:37,12/2/2015 7:48:18,1,2,11A,2009,1,15,13,1,5,6,6,4,5,7,5,6,7,5,5,6,5,5,7,6,4,4,5,5,6,5,6,5,4,5,6,5,3,4,5,6,5,6,6,5,3,5,4,3,4,7,1,1, ,1, , ,5.25,4.8,-1,-1,-2,0,4.333333333,6.5,3.5,6,5,4,5.5,5.5,5.75,4.5,5.5,5.25,4.75,5.25,7,1, ,-1,-.814,-.5,-.5,5.25,5.25,4.8,-.5,-2.4,-.745862069,.5,-.407,-.814,5.5,5.16666666666667,-.5,.407,1,-.814,.106874557051737,-1.21485284460629,-1.93912210935427,.640090260278131,-1.81992349299655,.466663987007481,-.992711849127468,-1.06658653545169,-2.4
10,R_2cC4hH1Kx1c9HZs,147.169.236.95,1,12/2/2015 8:29:38,12/2/2015 8:43:43,1,2,11A,2010,1,10,5,1,4,7,5,6,3,3,4,4,6,4,2,5,4,5,3,3,3,6,7,6,5,3,3,4,4,5,6,6,5,4,4,5,7,6,4,6,2,6,6,5,7,5,3,2, ,2,They create the potential for NCOs with more time in grade/position to resent the rise of the more competent NCO over them.,They fail to promote meritocracy and instead reward lengthy service even when a more deserving or capable candidate exists.,4.5,5.4,0,2,1,1,6,4.5,4,6,6,7,4,5.25,3.5,6.25,3.5,4,5.25,4.25,6,1, ,-1,-.214,0,.5,5.09375,5.09375,5.5,.5,2.75,-.045862069,-.5,.107,-.214,4.5,4.5,-.5,.107,1,-.214,-.956201275690999,-.319383917378066,.321512474026575,-1.4173427191873,-1.27028216960833,.466663987007481,-.0620444905704673,1.55139859702064,2.7
11,R_1MLoOcVR85xAUgy,147.169.112.136,1,12/2/2015 8:29:04,12/2/2015 8:45:27,1,2,19A,2011,1,24,7,1,5,5,6,6,5,4,4,5,5,4,5,6,4,4,3,7,3,5,6,5,7,5,4,5,5,5,6,6,5,7,5,6,6,6,7,6,5,6,4,6,4,5,2,2, ,1,"Makes seniority-based NCOs unhappy, reflects bad on them.","Lack of competency, could result in mission failure.",5.09375,5.5,1,-1,1,-1,6,6,4.5,6,6,4,4.75,4.75,4.75,5.5,5.25,4.75,5.25,5.75,5,1, ,-1,-.114,.5,.5,5.96875,5.96875,6.2,.5,3.1,.654137931,-.5,.057,-.114,5,5.125,.5,-.057,-1,.114,-.114599574769667,-.170139096173363,.321512474026575,.125732015411775,-.720640846220112,.466663987007481,-.0620444905704673,-1.06658653545169,2.75
12,R_3pi5qWXcNHvVxbp,147.169.108.99,1,12/2/2015 8:34:11,12/2/2015 8:49:13,1,1,12A,2012,1,18,10,1,6,7,6,7,7,6,5,6,7,5,6,7,4,5,6,7,5,5,7,6,6,7,7,6,5,5,7,6,4,6,5,7,6,7,6,7,5,6,7,6,5,7,2,2, ,2,None,Not selecting the best qualified. You are not choosing the NCO based on their performance you are basing it solely on time in grade.,5.96875,6.2,1,-1,1,-1,6.333333333,6.5,6,7,6,5,6,5.75,6,6.25,6.75,5.5,5.5,6,4,-1, ,-1,.586,.5,.5,4.875,4.875,5.2,.5,2.6,-.345862069,-.5,-.293,-.586,6.25,5.875,.5,.293,-1,-.586,1.12565556343019,.874574652259567,.77363939016019,.640090260278131,.928283123944548,1.44443615026125,-.0620444905704673,-.193924824627579,3.1
13,R_2TS569PbxP0Q3qD,147.169.118.56,1,12/2/2015 8:32:55,12/2/2015 8:49:26,1,2,11A,2010,1,18,13,1,5,4,5,5,6,3,3,6,6,5,2,1,4,4,6,3,5,4,6,7,7,5,4,7,6,5,7,5,4,5,5,6,5,4,6,7,3,7,4,4,5,7,2,1, ,2,Hurt egos from senior NCOs with time in service. Culture shift.,"Positions are an obligation to promotion and timeline for rank. They aren't a privlidge. Serving as a leader is a privlidge, not an obligation.",4.875,5.2,1,-1,1,-1,5.333333333,6.5,3.5,4,7,5,4.5,3.25,4.75,5.5,5.5,5.25,4.75,5.5,6,1, ,-1,-.414,.5,.5,5.4375,5.4375,5.6,.5,2.8,.054137931,.5,-.207,-.414,4.625,4.95833333333333,.5,-.207,-1,.414,-.424663359319631,-.617873559787475,-.582741359597038,.640090260278131,-1.81992349299655,-1.48888033950006,.868622867986533,-.193924824627579,2.6
14,R_9BL7mlbHqTTpc1r,147.169.120.107,1,12/2/2015 8:34:56,12/2/2015 8:50:18,1,2,19A,2011,1,13,12,1,6,5,7,4,5,5,6,7,6,5,4,5,6,4,7,6,7,3,4,5,4,3,6,7,6,7,6,7,5,6,5,5,6,7,6,5,5,5,4,6,6,6,2,2, ,1,Not enough experience,Overlooking competence,5.4375,5.6,1,-1,1,-1,5.666666667,6,4.5,7,5,6,5.25,5,6.75,4,4.5,6.25,6,5.75,5,1, ,-1,-.014,.5,.5,5.25,5.25,5.3,.5,2.65,-.245862069,-.5,.007,-.014,5.625,5.375,.5,-.007,-1,.014,.37264351523742,-.0208942749686589,-.130614442107041,.125732015411775,-.720640846220112,1.44443615026125,-.992711849127468,.67873688619653,2.8
15,R_1Hnxn8FVXrasKYc,147.169.236.50,1,12/2/2015 8:37:25,12/2/2015 8:50:34,1,2,11A,2011,1,14,13,1,4,6,5,7,3,6,5,3,4,5,5,7,6,6,7,5,5,7,7,6,5,4,5,6,5,6,5,6,4,4,5,4,6,5,7,6,4,7,3,5,3,7,2,2, ,2,Can create a cut-throat environment where NCOs would not want to work together for the overall mission.,If the NCO is a dud and has been stuck at the same rank for a long time then the mission can be effected by giving them more responsibility.,5.25,5.3,1,-1,1,-1,5.666666667,7,3.5,5,7,3,4.5,6.25,5.5,6.75,4.25,5.75,5,4,5,1, ,-1,-.314,.5,.5,4.78125,4.78125,5.1,.5,2.55,-.445862069,-.5,.157,-.314,4.875,5.375,.5,-.157,-1,.314,.106874557051737,-.468628738582771,-.130614442107041,1.15444850514449,-1.81992349299655,-.511108176246289,.868622867986533,-1.9392482462758,2.65
16,R_QmPsQ8jn8C6yQa5,147.169.236.57,1,12/2/2015 8:35:25,12/2/2015 8:50:45,1,2,19A,2010,1,27,17,1,5,6,4,5,5,6,7,5,6,4,3,5,7,4,5,5,5,4,4,5,6,3,5,4,5,3,4,4,6,3,6,4,5,6,4,5,6,5,5,6,5,4,2,1, ,2,NCOs with seniority become offended by comptenece-based promotion.  The rating chain becomes overly complicated as an NCO can not rate an equivalent ranked individual that is senior in time in grade.,Seniority based promotions frequently result in a less competent person serving in the position of authority.,4.78125,5.1,1,-1,1,-1,5.333333333,4,5.5,6,5,5,4.5,5.5,4.75,4.5,4.75,4.5,5.25,4.5,6,1, ,-1,-.514,.5,.5,5.3125,5.3125,5.9,.5,2.95,.354137931,.5,-.257,-.514,5.375,4.58333333333333,.5,-.257,-1,.514,-.557547838412473,-.76711838099218,-.582741359597038,-1.93170096405365,.378641800556328,.466663987007481,-.992711849127468,-.193924824627579,2.55
17,R_2PhDXcRGsMvZwDY,147.169.108.90,1,12/2/2015 8:39:28,12/2/2015 8:55:18,1,2,11A,2011,1,24,13,1,5,3,5,6,5,5,4,6,5,5,6,5,4,6,6,5,5,6,6,6,5,7,5,5,6,6,5,6,5,5,6,5,6,6,5,6,5,7,5,7,6,6,2,2, ,2, , ,5.3125,5.9,1,-1,1,-1,6.333333333,5.5,5,6,7,6,5.25,4.5,5.25,6,5.5,5.5,5,5.5,5,1, ,-1,.286,.5,.5,5.53125,5.53125,5.8,.5,2.9,.254137931,-.5,-.143,.286,4.875,5.45833333333333,.5,.143,-1,-.286,.195464209780298,.426840188645455,.77363939016019,-.388626229454582,-.170999522831892,.466663987007481,.868622867986533,.67873688619653,2.95
18,R_2DTfv2MHlBDbO7G,71.92.47.229,1,12/2/2015 10:35:36,12/2/2015 10:44:19,1,2,19A,2011,1,28,11,1,6,5,6,7,6,5,5,7,7,7,5,6,7,6,5,6,7,6,7,7,6,6,5,6,5,6,6,7,5,6,7,7,6,7,7,6,5,7,5,6,5,7,3,2, ,1, , ,6.09375,6.1,0,2,1,1,6,7,5,7,7,5,6.25,6,6,6.75,5.75,5.5,5.75,6.75,5,1, ,-1,.486,0,-.5,5.875,5.875,7,-.5,-3.5,1.454137931,-.5,-.243,.486,5.875,6.16666666666667,-.5,-.243,1,.486,1.30283486888731,.725329831054862,.321512474026575,1.15444850514449,-.170999522831892,1.44443615026125,.868622867986533,-.193924824627579,-3.05
19,R_1BS0ZlylJrhLX5T,96.32.218.65,1,12/2/2015 11:33:37,12/2/2015 11:52:27,1,2,19A,2011,1,22,6,1,5,5,6,7,6,5,4,5,5,6,5,5,6,4,5,5,6,7,6,6,6,6,6,5,5,5,6,4,4,6,6,6,6,5,6,5,4,6,5,5,6,6,3,2, ,2,Subjectivity,The more competent NCO not serving in the position in which he can provide more value.,5.4375,5.4,0,2,1,1,5.333333333,6,4.5,5,6,6,5.25,5,5.5,6.5,6,5,4.5,5.75,5,1, ,-1,-.214,0,-.5,4.96875,4.96875,5.7,-.5,-2.85,.154137931,-.5,.107,-.214,5.375,5.45833333333333,-.5,.107,1,-.214,.37264351523742,-.319383917378066,-.582741359597038,.125732015411775,-.720640846220112,-.511108176246289,-.0620444905704673,.67873688619653,-2.7
20,R_1CHm5FQ9839t5eE,150.226.136.139,1,12/3/2015 8:29:29,12/3/2015 10:59:56,1,2,11A,2010,1,19,15,1,7,5,6,7,6,7,4,7,7,6,6,7,3,4,6,6,4,7,7,7,7,7,7,7,7,7,7,6,4,7,7,7,7,7,7,7,4,7,7,6,7,7,3,1, ,1,"Competence based promotion over time-in-position promotion could instigate resistance as it appears the constant or seemingly ""seasoned"" NCO is being passed up by the ""teacher's pet"".",The senior NCO isn't always the best. Sometimes you wouldn't want the senior PSG in the Company representing the Company at BN events etc.,6.21875,6.6,0,2,1,1,6.666666667,7,5.5,7,7,7,6.5,4.75,5.5,7,6.75,7,5.25,7,6,1, ,-1,.986,0,-.5,4.03125,4.03125,4.8,-.5,-2.4,-.745862069,.5,.493,.986,6.125,6.25,-.5,-.493,1,.986,1.48001417434444,1.47155393707838,1.22576630765019,1.15444850514449,.378641800556328,1.44443615026125,.868622867986533,1.55139859702064,-3.3
21,R_3NXrgeAvMrHMhkK,96.32.216.82,1,12/3/2015 20:25:20,12/3/2015 20:42:45,1,2,19A,2011,1,13,25,1,6,4,5,7,4,6,5,7,7,7,2,6,7,6,7,3,4,3,4,7,3,5,3,6,7,5,4,4,3,7,7,7,4,4,5,6,6,7,6,6,5,7,3,2, ,2,Animocity from peers,Weak teams,5.25,5.6,0,2,1,1,5.333333333,6,6,4,7,5,5.5,5.75,4.75,5.25,3.75,6,4,7,5,1, ,-1,-.014,0,-.5,4.5625,4.5625,5.3,-.5,-2.65,-.245862069,-.5,.007,-.014,5.5,5.16666666666667,-.5,.007,1,-.014,.106874557051737,-.0208942749686589,-.582741359597038,.125732015411775,.928283123944548,-1.48888033950006,.868622867986533,-.193924824627579,-2.8
22,R_2X4n33B8LsUgxrX,209.210.168.162,1,12/4/2015 9:19:43,12/4/2015 9:30:13,1,2,18A,2010,1,18,14,1,6,5,4,6,5,6,4,5,6,4,7,5,5,6,4,6,5,7,7,6,5,6,4,5,7,6,5,6,5,5,7,7,5,5,6,7,6,7,4,6,6,6,2,2, ,2,"Problems within the ranks if a NCO of lower rank receives a competence-based NCO positional promotion over a more senior NCO, and its affect on lower ranking soldiers.", ,5.53125,5.8,1,-1,1,-1,6,6,5,5,7,6,5.75,5.25,4.75,6.5,5,6,5,6,6,1, ,-1,.186,.5,.5,5.71875,5.71875,6.4,.5,3.2,.854137931,-.5,-.093,.186,5.125,5.66666666666667,.5,.093,-1,-.186,.505527994330262,.27759536744075,.321512474026575,.125732015411775,-.170999522831892,-.511108176246289,.868622867986533,.67873688619653,2.9
24,R_6gwZV48pBmSpiuJ,104.245.26.162,1,12/9/2015 8:45:34,12/9/2015 8:58:34,1,2,11A,2011,1,24,13,1,6,4,5,6,5,7,3,5,7,7,5,5,6,5,6,4,5,6,6,7,6,4,6,6,6,6,5,6,4,6,6,7,7,6,6,6,5,7,6,7,5,7,3,1, ,2,None,Often the most senior NCO is the one who has been passed over the most showing his,5.5625,6.2,0,2,1,1,6.666666667,6.5,5.5,6,7,5,6.25,5,5,6.25,5.25,6.25,4.5,6,5,1, ,-1,.586,0,-.5,4.46875,4.46875,5.7,-.5,-2.85,.154137931,.5,.293,.586,5.125,5.70833333333333,-.5,-.293,1,.586,.549822820694543,.874574652259567,1.22576630765019,.640090260278131,.378641800556328,.466663987007481,.868622867986533,-.193924824627579,-3.1
28,R_3kN6NdwD0MJZRE8,147.169.114.88,1,12/11/2015 7:39:24,12/11/2015 7:48:55,1,2,11A,2010,1,12,13,1,7,6,7,7,7,7,6,7,6,7,5,7,6,6,7,7,6,6,7,7,6,6,7,7,6,7,5,7,5,7,6,7,7,6,7,7,6,7,7,7,7,6,3,2, ,2,could cause conflict to a senior NCO,may not get the job done as well as another choice,6.46875,6.7,0,2,1,1,7,6.5,6.5,6,7,7,6.25,6.25,6.75,6.75,6.5,6.75,5.75,6.75,6,1, ,-1,1.086,0,.5,6,6,6,.5,3,.454137931,-.5,-.543,1.086,6.75,6.375,-.5,-.543,1,1.086,1.83437278525868,1.62079875828309,1.6778932237838,.640090260278131,1.47792444733277,.466663987007481,.868622867986533,1.55139859702064,3.35
29,R_Ufj1ZAO39Gp6xRn,147.169.116.43,1,12/11/2015 7:38:41,12/11/2015 7:49:12,1,2,11A,2010,1,13,5,1,7,6,6,7,7,7,6,6,7,5,4,5,5,5,6,6,6,5,5,7,4,7,4,6,6,6,5,6,7,6,6,7,7,7,7,7,7,7,7,7,7,7,1,1, ,1,Interaction with other NCOs with the same Rank,Competence of the position,5.875,7,-1,-1,-2,0,7,7,7,7,7,7,5.75,5.25,6,6,5.5,6.25,6,6.25,6,1, ,-1,1.386,-.5,.5,5.03125,5.03125,5.5,.5,2.75,-.045862069,.5,.693,1.386,6.5,5.66666666666667,-.5,-.693,1,1.386,.99277108433735,2.0685332218972,1.6778932237838,1.15444850514449,2.02756577072099,1.44443615026125,.868622867986533,1.55139859702064,3.5
31,R_8D48BW10m8TOJy1,150.226.137.12,1,12/11/2015 7:38:48,12/11/2015 7:55:33,1,2,11A,2011,1,23,7,1,5,4,6,7,4,3,3,6,5,6,3,4,7,4,6,5,5,7,7,5,6,5,3,3,4,4,6,3,4,6,7,6,6,5,6,5,5,7,6,6,5,6,1,2, ,1,There may be conflict within the unit if a junior NCO is given a positional promotion above a NCO with more senority within the unit.,NCOs who were promoted in other units may have performed well in their previous job but are unable to adapt to a new position in a new unit.,4.96875,5.7,-1,-1,-2,0,5.666666667,6,5.5,5,7,5,4.75,4.75,5.5,6.5,4.5,3.5,4,6.25,5,1, ,-1,.086,-.5,-.5,5.78125,5.78125,5.9,-.5,-2.95,.354137931,-.5,-.043,.086,4.75,5.04166666666667,-.5,-.043,1,.086,-.291778880226789,.128350546236046,-.130614442107041,.125732015411775,.378641800556328,-.511108176246289,.868622867986533,-.193924824627579,-2.85
32,R_2YS9Pd8MIbKFMHv,150.226.136.75,1,12/11/2015 7:40:50,12/11/2015 8:03:27,1,1,19A,2011,1,13,33,1,6,2,3,4,2,3,4,5,7,6,5,2,4,4,5,5,6,5,4,3,2,3,1,4,5,2,2,5,4,5,4,7,5,5,4,6,5,4,3,5,5,6,1,2, ,2,"Promotes a 'performance based"" organization. This would be effective",Younger NCOs that may lack experience needed,4.03125,4.8,-1,-1,-2,0,5.333333333,5,4,5,4,5,6,3,4.75,4,2,3.5,3.75,5.25,5,-1, ,-1,-.814,-.5,.5,4.90625,4.90625,5.4,.5,2.7,-.145862069,-.5,.407,.814,3.625,4.16666666666667,-.5,.407,1,-.814,-1.62062367115521,-1.21485284460629,-.582741359597038,-.902984474320939,-1.27028216960833,-.511108176246289,-1.92337920768447,-.193924824627579,2.4
33,R_R9yQjUeUppSiYXD,150.226.136.96,1,12/11/2015 7:43:50,12/11/2015 8:04:52,1,2,11A,2010,1,21,10,1,5,6,4,5,5,4,4,5,5,5,4,5,4,3,4,4,5,5,3,5,4,3,5,4,5,5,5,5,4,5,4,7,5,5,5,6,5,5,6,5,6,5,1,1, ,2,None,the most qualified person does not necessarily get the job,4.5625,5.3,-1,-1,-2,0,5.333333333,5,5.5,5,5,6,4.75,4.5,4.25,4.5,4.25,4.5,4.5,5.25,6,1, ,-1,-.314,-.5,-.5,3.96875,3.96875,4.6,-.5,-2.3,-.945862069,.5,-.157,-.314,4.75,4.5,-.5,.157,1,-.314,-.867611622962438,-.468628738582771,-.582741359597038,-.902984474320939,.378641800556328,-.511108176246289,-.992711849127468,.67873688619653,-2.65
36,R_248ho9IMa1foZvw,143.71.249.85,1,12/13/2015 12:31:38,12/13/2015 13:03:52,1,1,11A,2012,1,24,8,1,5,4,6,7,5,6,3,5,6,5,3,4,2,4,3,6,6,6,6,7,4,5,4,6,4,6,4,2,2,5,5,6,3,5,6,6,4,7,6,5,3,6,3,2, ,2,A bias among specific leaders towards specific characteristics they perceive in such NCOs; a company commander may wish to promote squad leaders to platoon sergeant who exemplify his specific idea of a great platoon sergeant.,Forcing competent leaders into working for those who may be obviously less qualified to hold the position than their subordinates.,4.75,5.1,0,2,1,1,4.666666667,6,5,5,7,3,4.75,3.5,5.25,6.5,4.5,5.5,2.75,5.25,4,-1, ,-1,-.514,0,-.5,5.3125,5.3125,5.7,-.5,-2.85,.154137931,-.5,.257,.514,5.125,4.625,-.5,.257,1,-.514,-.601842664776754,-.76711838099218,-1.48699519186427,.125732015411775,-.170999522831892,-.511108176246289,.868622867986533,-1.9392482462758,-2.55
38,R_2YXHbxunuWHK3Kn,143.71.249.85,1,12/15/2015 11:51:47,12/15/2015 13:17:11,1,1,13A,2012,1,12,13,1,3,2,6,4,3,2,5,4,7,6,3,2,3,4,4,4,5,6,7,4,2,1,3,3,4,2,4,4,2,2,3,5,5,3,6,4,5,4,3,5,3,5,3,2, ,2,acceptance by others of similar rank or higher experience level,"sense of entitlement, feeling as though they cannot be taken of the position regardless of performance because of the fact they are the most senior.  A plateau-ing of skills; no longer committing to learning/getting better, because they feel as though the are established in their position by time, not abliity",3.71875,4.3,0,2,1,1,4.666666667,5.5,4,3,4,3,4.75,2.75,4.75,5.25,2.25,2.75,3.75,3.5,4,-1, ,-1,-1.314,0,-.5,3.90625,3.90625,4.33,-.5,-2.165,-1.215862069,-.5,.657,1.314,3.625,3.75,-.5,.657,1,-1.314,-2.06357193479802,-1.96107695062981,-1.48699519186427,-.388626229454582,-1.27028216960833,-2.46665250275383,-1.92337920768447,-1.9392482462758,-2.15
39,R_33BGgYJS9cKTlo9,147.169.232.5,1,12/16/2015 10:39:07,12/16/2015 10:50:07,1,2,19A,2006,1,23,21,1,5,5,6,3,6,5,3,4,6,4,3,5,5,4,6,5,4,3,4,4,6,5,5,5,4,5,4,3,4,5,5,5,5,5,6,6,3,6,5,4,4,6,3,1, ,2, , ,4.5625,5,0,2,1,1,5,6,4,5,6,4,4.5,4.75,5.25,3.5,5.5,4.75,3.5,4.75,10,1, ,-1,-.614,0,.5,4.78125,4.78125,5.7,.5,2.85,.154137931,.5,-.307,-.614,4.625,4.54166666666667,-.5,.307,1,-.614,-.867611622962438,-.916363202196884,-1.03486827573065,.125732015411775,-1.27028216960833,-.511108176246289,-.0620444905704673,-1.06658653545169,2.5
40,R_3sspXLq6gnGnNP8,70.193.65.96,1,12/17/2015 8:42:09,12/17/2015 8:57:08,1,2,19A,2011,1,15,12,1,6,5,6,7,5,6,4,5,6,6,5,5,6,5,7,5,7,7,7,6,7,5,6,6,6,5,5,5,6,6,6,4,6,6,7,7,5,6,7,7,6,7,2,2, ,2,Time in grade,You do not get the most competent leaders at those critical leadership position,5.71875,6.4,1,-1,1,-1,6.666666667,7,6,6,6,6,5.75,5.25,6.25,6.75,5.75,5.75,5,5.25,5,1, ,-1,.786,.5,.5,6.1875,6.1875,6.8,.5,3.4,1.254137931,-.5,-.393,.786,5.5,5.79166666666667,.5,.393,-1,-.786,.771296952515946,1.17306429466898,1.22576630765019,1.15444850514449,.928283123944548,.466663987007481,-.0620444905704673,.67873688619653,3.2
41,R_1hZohAKEOU4SHVV,75.76.42.95,1,12/17/2015 15:30:31,12/17/2015 15:38:03,1,1,19A,2012,1,11,20,1,6,5,5,6,3,5,3,4,7,5,3,3,4,5,4,3,6,4,5,4,5,6,3,5,4,3,6,4,3,5,6,3,6,5,6,6,5,5,7,5,6,6,1,2, ,1,Promoting on time in service rather than competence,Not all promotions are based on competence,4.46875,5.7,-1,-1,-2,0,5.666666667,6,6,5,5,6,5.25,4.25,4.5,4.75,4.25,4.25,4,4.5,4,-1, ,-1,.086,-.5, , , , , , , ,-.5,-.043,-.086,4.625,4.41666666666667,-.5,-.043,1,.086,-1.00049610205528,.128350546236046,-.130614442107041,.125732015411775,.928283123944548,-.511108176246289,-.992711849127468,.67873688619653, 
43,R_11YKy5nKAUcSm5c,204.34.247.203,2,12/18/2015 12:49:54,12/18/2015 13:06:25,1,2,18A,2007,1,12,11,1,6,6,6,6,6,6,6,6,6,6,6,6,6,6,6,6,6,6,6,6,6,6,6,6,6,6,6,6,6,6,6,6,6,6,6,6,6,6,6,6,6,6,2,2, ,2,If the less comptetent NCO gets promoted during the rated period.,They are senior for a reason... they are not able to get promoted due to potential and/or performance.,6,6,1,-1,1,-1,6,6,6,6,6,6,6,6,6,6,6,6,6,6,9,1, ,1,.386,.5, , , , , , , ,-.5,-.193,.386,6,6,.5,.193,-1,-.386,1.16995038979447,.576085009850158,.321512474026575,.125732015411775,.928283123944548,.466663987007481,-.0620444905704673,.67873688619653, 
47,R_2uWo2ZJUZLIfN48,108.197.33.1,2,1/25/2016 22:45:33,1/25/2016 23:09:02,1,2,90A,2006,1,12,30,1,6,6,7,7,5,7,6,7,7,5,5,6,4,3,4,6,6,6,7,7,6,6,5,5,7,6,6,7,7,6,5,7,7,6,6,7,7,7,5,5,6,6,3,1,Mutual agreement: 1SG and myself (CDR),2,"Senior NCOs resent getting ""passed over"" if they are obviously senior to an NCO that gets a competence based promotion","There have been times when NCOs with seniority get the job because they need it for career progression, but are mediocre or below average performers. I have had E5s that have outperformed E7s at times.",5.9375,6.2,0,2,1,1,6.333333333,6,6,6,7,6,5.75,4.75,5.75,6.75,5.5,6.25,6.5,6.25,10,1, ,1,.586,0, , , , , , , ,.5,.293,.586,6.375,5.79166666666667,-.5,-.293,1,.586,1.08136073706591,.874574652259567,.77363939016019,.125732015411775,.928283123944548,.466663987007481,.868622867986533,.67873688619653, 
48,R_1ilXIHACZHppcFq,147.169.232.6,2,1/27/2016 14:55:46,1/27/2016 15:10:08,1,2,19A,2009,1,18,13,1,6,5,6,5,4,6,4,5,7,6,5,5,5,5,6,5,6,4,4,6,5,5,4,4,6,4,6,4,3,4,5,6,6,5,6,6,4,6,5,5,6,6,2,2, ,2,Too much attention is paid to time in grade and time in service.,It doesn't reward competency adequately enough.,5.03125,5.5,1,-1,1,-1,5.666666667,6,4.5,5,6,6,6,5,5.75,4.75,4.5,5,4.25,5,7,1, ,1,-.114,.5, , , , , , , ,-.5,.057,-.114,5.125,5,.5,-.057,-1,.114,-.203189227498228,-.170139096173363,-.130614442107041,.125732015411775,-.720640846220112,-.511108176246289,-.0620444905704673,.67873688619653, 
50,R_1eJNtQ9AaEiHV1H,140.187.201.191,2,1/29/2016 8:55:31,1/29/2016 9:24:10,1,2,12A,2011,1,35,13,1,6,5,6,7,4,5,5,7,7,5,6,5,6,4,6,6,7,7,5,6,7,5,4,6,7,6,6,4,5,6,7,7,7,6,5,7,4,7,6,4,6,7,1,1, ,2,"The biggest identifiable problem is seniority vs competence.  For example: a senior E-5 who is the epitomy of what adaptive and outstanding leadership gets rewarded for his performance by the positional promotion be it temporary or not, and is then the prblems of resentment play out with NCOs senior to him who were passed over, motivation of other leaders becomes an issue, which can be resolved and worked through, but its not exactly the easiest thing","they often times diminish perceptibly or imperceptibly the drive, desire and motivation of junior high performers",5.78125,5.9,-1,-1,-2,0,6,6,5,6,7,6,6,5,6.25,6.25,5,6,5,6.75,5,1, ,1,.286,-.5, , , , , , , ,.5,.143,.286,5.625,5.83333333333333,-.5,-.143,1,.286,.859886605244508,.426840188645455,.321512474026575,.125732015411775,-.170999522831892,.466663987007481,.868622867986533,.67873688619653, 
51,R_2WIT7rmVRdm72nL,134.240.110.199,2,1/29/2016 9:35:33,1/29/2016 9:50:56,1,2,15A,2006,1,12,6,1,6,5,4,7,6,4,3,5,5,6,3,6,4,4,5,6,5,3,3,5,7,6,6,4,5,5,6,6,2,4,5,6,6,7,5,6,3,6,4,5,6,6,2,2, ,1,Lack of legitimate and informational power,seniority does not equate to experience especially in a highly techinical field,4.90625,5.4,1,-1,1,-1,5.666666667,5.5,3.5,7,6,6,5,4.75,5,4.5,6.25,4.5,4.25,5,10,1, ,1,-.214,.5, , , , , , , ,-.5,.107,-.214,5,4.875,.5,-.107,-1,.214,-.380368532955351,-.319383917378066,-.130614442107041,-.388626229454582,-1.81992349299655,1.44443615026125,-.0620444905704673,.67873688619653, 
52,R_3iUQRVSvRk6Wf4m,134.240.202.185,2,1/29/2016 11:44:35,1/29/2016 12:05:52,1,2,70A,2006,1,8,20,1,5,7,6,4,4,6,4,6,7,5,4,5,5,6,5,4,3,3,3,5,4,3,6,5,5,7,6,4,3,6,5,5,7,5,6,5,4,5,5,6,5,7,3,1,my 1SG and I decided together with buy-in from the CSM,2,The good ones work above their pay grade for however long it is asked of them with no promise of actual promotion.  Even if they outwork those of appropriate rank there is not always something the CoC can do to expedite a promotion to made the position eqitable,"Senior NCOs are not always the most competent, yet they expect to be put in the senior position--they may even go to IG to complain about a non-existant inequity",4.875,5.5,0,2,1,1,6,6.5,4.5,5,5,5,5.25,5.75,4.5,3.75,4.25,5.75,4.25,5.5,10,1, ,1,-.114,0, , , , , , , ,.5,-.057,-.114,5.25,4.75,-.5,.057,1,-.114,-.424663359319631,-.170139096173363,.321512474026575,.640090260278131,-.720640846220112,-.511108176246289,-.992711849127468,-.193924824627579, 
53,R_DFOIVBzgTtLZDmV,67.243.133.228,2,1/29/2016 11:53:39,1/29/2016 12:12:16,1,2,19A,2007,1,12,35,1,5,5,6,7,5,6,5,6,6,5,5,5,6,4,7,5,6,6,7,5,5,6,6,5,6,4,6,5,4,5,6,5,6,6,7,7,4,7,6,5,6,7,3,1, ,2,Can rapidly change the dynamic in a small unit. especially if the more competent NCO is not the most senior. Someone with strong interpersonal skills in addition to MOS specific leadership skills are required when doing competence over seniority,Breeds a sense of complacency. That since seniority is the only measure why strive to be the most competent? Just bide my time and I'll get my opportunity.,5.46875,6.1,0,2,1,1,6,7,5,6,7,6,5.25,5,6,6.25,5.5,5.25,5,5.5,9,1, ,1,.486,0, , , , , , , ,.5,.243,.486,5.625,5.41666666666667,-.5,-.243,1,.486,.416938341601701,.725329831054862,.321512474026575,1.15444850514449,-.170999522831892,.466663987007481,.868622867986533,.67873688619653, 
54,R_2Vm6y5kCvPxDsxp,67.243.3.230,2,1/29/2016 12:38:16,1/29/2016 13:13:35,1,2,19A,2008,1,21,34,1,3,5,3,5,4,4,5,3,3,3,3,5,5,5,4,3,4,4,4,4,4,4,3,3,4,5,4,5,5,3,4,4,6,6,4,5,4,4,5,5,4,3,1,1,"Given the multiple stakeholders across the squadron, I recognized that this positional promotion was the most appropriate developmentally. It also put the most competent person in the right place on the line vs in the HQs.",2,competence within one position may not be indicative of skill across all requisite competencies,Some leaders do not put effort into their own development and can be out-paced by less senior soldiers.,3.96875,4.6,-1,-1,-2,0,5.333333333,3.5,4.5,6,4,4,3,5,3.5,4.25,3.75,4,4.75,3.5,8,1, ,1,-1.014,-.5, , , , , , , ,.5,-.507,-1.014,4,3.95833333333333,-.5,.507,1,-1.014,-1.70921332388377,-1.5133424870157,-.582741359597038,-2.44605920892001,-.720640846220112,.466663987007481,-1.92337920768447,-1.06658653545169, 
55,R_50UrygzDAHtrKqR,216.169.171.96,2,1/29/2016 18:46:35,1/29/2016 19:17:06,1,2,11A,2007,1,23,13,1,6,3,5,6,5,6,4,6,7,6,4,5,5,4,6,3,6,6,7,6,5,6,6,5,6,6,6,5,3,5,5,6,6,5,6,6,3,6,6,7,5,7,1,2, ,2,Aggravating older NCOs who believe they deserved the promotion based on time in service.,"Placing NCOs into positions that are potentially less qualified than more competent, younger NCOs. I love America.",5.3125,5.7,-1,-1,-2,0,6.333333333,6.5,4.5,5,6,5,5.75,4.25,5,6.25,5.5,5.75,4.5,5.5,9,1, ,1,.086,-.5, , , , , , , ,-.5,-.043,.086,5.125,5.375,-.5,-.043,1,.086,.195464209780298,.128350546236046,.77363939016019,.640090260278131,-.720640846220112,-.511108176246289,-.0620444905704673,-.193924824627579, 
56,R_ysYJdJhCq32zfsB,67.243.6.61,2,1/30/2016 7:30:48,1/30/2016 7:54:40,1,2,19A,2006,1,27,24,1,6,5,5,7,6,6,4,4,7,6,4,4,5,4,7,6,7,7,7,7,6,7,5,5,5,4,5,5,3,4,6,7,7,5,7,7,4,7,6,5,5,7,3,1, ,1,perceived inequity among more senior members (due to the fact our institution has a culture of promoting more senior members),"although competence is often positively correlated with seniority, it isn't always true; therefore, we may be bound to promote a less competent individual",5.5,6,0,2,1,1,6.333333333,7,5,5,7,5,5.75,4.5,6.25,7,6,5,4.25,5.25,10,1, ,1,.386,0, , , , , , , ,.5,.193,.386,5.375,5.54166666666667,-.5,-.193,1,.386,.461233167965982,.576085009850158,.77363939016019,1.15444850514449,-.170999522831892,-.511108176246289,.868622867986533,-.193924824627579, 
57,R_3PyIsGOeNI5raUG,134.240.202.196,2,1/30/2016 10:51:39,1/30/2016 11:06:02,1,2,12A,2008,1,12,11,1,5,5,4,3,4,5,4,4,6,6,3,4,5,3,5,4,5,3,3,3,3,3,4,3,3,3,5,2,5,3,3,4,4, ,4,4,5,4,5,5,3,5,1,2,The Battalion CSM put this NCO in the position against my wishes.,2,Potentially experienxe and knowledge base,The senior NCO is not always the most competent or driven/motivated individual for the job,3.90625,4.33,-1,-1,-2,0,4.333333333,4.5,5, ,4,3,5,4.25,4.5,3,3.5,3.5,4,3.5,8,1, ,1,-1.284,-.5, , , , , , , ,-.5,.642,-1.284,4.25,3.79166666666667,-.5,.642,1,-1.284,-1.79780297661233,-1.9163035042684,-1.93912210935427,-1.4173427191873,-.170999522831892, ,-1.92337920768447,-1.9392482462758, 
58,R_YYd51ROCRkvIafT,134.240.202.219,2,1/31/2016 7:35:36,1/31/2016 7:43:54,1,2,15A,2007,1,30,17,1,5,6,5,5,5,6,5,5,5,6,4,5,5,5,6,6,6,5,5,5,5,6,5,5,5,6,5,5,6,6,5,6,6,6,6,6,6,6,6,6,6,6,3,1, ,2,Morale issues if others view the promotion as unfair.,Inferior NCOs would be promoted based on seniority.,5.3125,6,0,2,1,1,6,6,6,6,6,6,5,5.25,5.75,5,5.25,5.5,5.25,5.5,9,1, ,1,.386,0, , , , , , , ,.5,.193,.386,5.25,5.33333333333333,-.5,-.193,1,.386,.195464209780298,.576085009850158,.321512474026575,.125732015411775,.928283123944548,.466663987007481,-.0620444905704673,.67873688619653, 
59,R_31mcbIsrJwXy2RS,139.139.19.67,2,2/1/2016 0:19:49,2/1/2016 0:43:16,1,2,11A,2006,1,23,25,1,6,4,5,7,6,5,6,4,6,4,4,3,3,4,3,5,4,4,5,6,5,6,5,4,5,4,6,6,5,4,5,4,6,5,6,6,7,7,5,5,4,6,2,2, ,2,"Lack of institutional experience and knowledge, maturity, and respect from subordinates, peers, and leaders.",Seniority does not necessarily equate to competency.,4.78125,5.7,1,-1,1,-1,5.666666667,6,6,5,7,4,5,3.5,4.25,5.5,5.5,4.5,5.75,4.25,10,1, ,1,.086,.5, , , , , , , ,-.5,-.043,.086,5.375,4.58333333333333,.5,.043,-1,-.086,-.557547838412473,.128350546236046,-.130614442107041,.125732015411775,.928283123944548,-.511108176246289,.868622867986533,-1.06658653545169, 
61,R_2Ea8zRMDQmYzMIV,99.38.104.133,2,2/1/2016 12:48:36,2/1/2016 12:59:37,1,2,25A,2007,2, ,5,1,6,7,6,6,5,7,5,6,7,6,6,7,6,6,6,7,5,6,5,7,6,6,6,6,6,7,7,7,6,6,7,6,6,7,7,7,6,7,7,7,7,7,2,1, ,2,A higher ranking NCO (including time-in-service) would feel disrespected and not a good team member.,The best NCO doesnt always get the job.,6.1875,6.8,1,-1,1,-1,6.666666667,7,6.5,7,7,7,6.25,6.5,6,6,5.75,6.5,6.25,6.25,9,1, ,1,1.186,.5, , , , , , , ,.5,.593,1.186,6,6.25,.5,.593,-1,-1.186,1.43571934798016,1.77004357948779,1.22576630765019,1.15444850514449,1.47792444733277,1.44443615026125,.868622867986533,1.55139859702064, 
64,R_1K9bnu9My1GJt8C,134.240.202.125,2,2/3/2016 11:25:44,2/9/2016 11:26:08,1,2,11A,2007,1,17,23,1,5,5,6,5,7,4,4,6,6,5,7,5,5,7,5,7,5,4,4,6,5,7,6,5,5,6,5,5,5,6,5,7,5,5,6,5,6,7,6,5,5,6,3,2,The target NCO was my acting First Sergeant who was selected by my Squadron Commander and Command Sergeant Major,2,"Creating envy, tension, and sense of unfairness among NCOs not selected",Having leaders who were less than the best in that position,5.46875,5.6,0,2,1,1,5,6,6,5,7,5,5.75,5.5,5.75,4.75,6.25,5,4.75,6,9,1, ,1,-.014,0, , , , , , , ,-.5,.007,-.014,5.25,5.54166666666667,-.5,.007,1,-.014,.416938341601701,-.0208942749686589,-1.03486827573065,.125732015411775,.928283123944548,-.511108176246289,.868622867986533,-.193924824627579, 
